x_over_h,cf_dns_exactmatch
1.171875000000000000e-02,1.812276542592842002e-03
2.343750000000000000e-02,1.762645957534543593e-03
3.515625000000000000e-02,1.721816809245269248e-03
4.687500000000000000e-02,1.669172062267055895e-03
5.859375000000000000e-02,1.443059429993524519e-03
7.031250000000000000e-02,1.234401410099569959e-03
8.203125000000000000e-02,1.035723040310270208e-03
9.375000000000000000e-02,8.532113918422060215e-04
1.054687500000000000e-01,6.870572358933851528e-04
1.171875000000000000e-01,5.401249590611825833e-04
1.289062500000000000e-01,4.333880574248464993e-04
1.406250000000000000e-01,3.087390557334035554e-04
1.523437500000000000e-01,4.788719358858918584e-04
1.640625000000000000e-01,5.782601934665974885e-04
1.757812500000000000e-01,6.320413461626688033e-04
1.875000000000000000e-01,3.447595439640153080e-04
1.992187500000000000e-01,-7.219084244023005756e-04
2.109375000000000000e-01,-1.448499421502068502e-03
2.226562500000000000e-01,-1.537130077562708476e-03
2.343750000000000000e-01,-6.707602693666463471e-04
2.460937500000000000e-01,-1.462837396147931388e-04
2.578125000000000000e-01,-1.397138439853059600e-03
2.695312500000000000e-01,-7.474715532298918967e-04
2.812500000000000000e-01,-1.588134707224858643e-04
2.929687500000000000e-01,-1.025352320691516736e-03
3.046875000000000000e-01,-8.605614563107864953e-04
3.164062500000000000e-01,-1.215265810932606751e-03
3.281250000000000000e-01,-9.261493747905359805e-04
3.398437500000000000e-01,-7.592019253055901085e-04
3.515625000000000000e-01,-1.816890489041524711e-04
3.632812500000000000e-01,-7.378637088249840117e-04
3.750000000000000000e-01,-6.100152066106964265e-04
3.867187500000000000e-01,-3.766894308340089695e-04
3.984375000000000000e-01,-1.278509184763872543e-03
4.101562500000000000e-01,-2.005870641549621896e-03
4.218750000000000000e-01,-2.047243391717663754e-03
4.335937500000000000e-01,-2.104620635601237195e-03
4.453125000000000000e-01,-2.175054047311846331e-03
4.570312500000000000e-01,-2.258400954472652641e-03
4.687500000000000000e-01,-2.348170829240730888e-03
4.804687500000000000e-01,-2.437773240643904393e-03
4.921875000000000000e-01,-2.521388696904595071e-03
5.039062500000000000e-01,-2.489644438179665787e-03
5.156250000000000000e-01,-2.245988889448018687e-03
5.273437500000000000e-01,-2.012605777985506956e-03
5.390625000000000000e-01,-1.788823410727292170e-03
5.507812500000000000e-01,-1.584496159704700978e-03
5.625000000000000000e-01,-1.392362428588961483e-03
5.742187500000000000e-01,-1.227828739169442487e-03
5.859375000000000000e-01,-1.182375313451055092e-03
5.976562500000000000e-01,-1.528675584251461403e-03
6.093750000000000000e-01,-1.416321261388025707e-03
6.210937500000000000e-01,-1.235094668393560066e-03
6.328125000000000000e-01,-1.167297405373873657e-03
6.445312500000000000e-01,-1.409605917993241074e-03
6.562500000000000000e-01,-1.318315136656277031e-03
6.679687500000000000e-01,-1.132689928647678595e-03
6.796875000000000000e-01,-1.082581981122448687e-03
6.914062500000000000e-01,-1.296398643707859406e-03
7.031250000000000000e-01,-1.217217845315919297e-03
7.148437500000000000e-01,-1.048276298050395674e-03
7.265625000000000000e-01,-1.007021125977516050e-03
7.382812500000000000e-01,-1.207069437867054097e-03
7.500000000000000000e-01,-1.142446052115399105e-03
7.617187500000000000e-01,-1.045961133349392275e-03
7.734375000000000000e-01,-1.220714852470454817e-03
7.851562500000000000e-01,-1.203588150268877430e-03
7.968750000000000000e-01,-1.088271184548642023e-03
8.085937500000000000e-01,-1.042878859179024054e-03
8.203125000000000000e-01,-1.235678838956274931e-03
8.320312500000000000e-01,-1.195984569319968318e-03
8.437500000000000000e-01,-1.051139997306361823e-03
8.554687500000000000e-01,-1.005337971953870931e-03
8.671875000000000000e-01,-1.209407156804918893e-03
8.789062500000000000e-01,-1.213085847115607510e-03
8.906250000000000000e-01,-1.155924263139041603e-03
9.023437500000000000e-01,-1.349936495565584593e-03
9.140625000000000000e-01,-1.343492239784882655e-03
9.257812500000000000e-01,-1.206601841488608466e-03
9.375000000000000000e-01,-1.145315546435877281e-03
9.492187500000000000e-01,-1.349139414970441974e-03
9.609375000000000000e-01,-1.355960733254116951e-03
9.726562500000000000e-01,-1.306870162998532113e-03
9.843750000000000000e-01,-1.534693811879364036e-03
9.960937500000000000e-01,-1.577032963940026237e-03
1.007812500000000000e+00,-1.485627636397784728e-03
1.019531250000000000e+00,-1.654694079560761581e-03
1.031250000000000000e+00,-1.665113776845834372e-03
1.042968750000000000e+00,-1.488070320016995733e-03
1.054687500000000000e+00,-1.395520385401405588e-03
1.066406250000000000e+00,-1.623225302907633496e-03
1.078125000000000000e+00,-1.626227953111249484e-03
1.089843750000000000e+00,-1.543321207761254223e-03
1.101562500000000000e+00,-1.776166607228729134e-03
1.113281250000000000e+00,-1.780021396859121858e-03
1.125000000000000000e+00,-1.663224436441682746e-03
1.136718750000000000e+00,-1.879222225468830292e-03
1.148437500000000000e+00,-1.942644163571300700e-03
1.160156250000000000e+00,-1.863311134144374518e-03
1.171875000000000000e+00,-2.136794202649454529e-03
1.183593750000000000e+00,-2.202892786841515252e-03
1.195312500000000000e+00,-2.066853219857881039e-03
1.207031250000000000e+00,-2.312996146777412162e-03
1.218750000000000000e+00,-2.361847744399485447e-03
1.230468750000000000e+00,-2.222430058546500612e-03
1.242187500000000000e+00,-2.587684124943560090e-03
1.253906250000000000e+00,-2.836520724323881616e-03
1.265625000000000000e+00,-2.806593476884390939e-03
1.277343750000000000e+00,-2.909402755040788741e-03
1.289062500000000000e+00,-3.098294266593326976e-03
1.300781250000000000e+00,-2.901393424273970498e-03
1.312500000000000000e+00,-2.587420460728863478e-03
1.324218750000000000e+00,-2.486425267718915619e-03
1.335937500000000000e+00,-2.945881610969167206e-03
1.347656250000000000e+00,-3.325748240982714151e-03
1.359375000000000000e+00,-3.318486885460737983e-03
1.371093750000000000e+00,-3.200854306571538493e-03
1.382812500000000000e+00,-3.063542292148331396e-03
1.394531250000000000e+00,-2.972494070090766528e-03
1.406250000000000000e+00,-3.233725586287860936e-03
1.417968750000000000e+00,-3.864297750727349687e-03
1.429687500000000000e+00,-4.140731570481847451e-03
1.441406250000000000e+00,-4.267172141292283061e-03
1.453125000000000000e+00,-4.302936489115019580e-03
1.464843750000000000e+00,-4.251425511022843481e-03
1.476562500000000000e+00,-4.099053968786171148e-03
1.488281250000000000e+00,-3.824467582270214480e-03
1.500000000000000000e+00,-3.403946845539274589e-03
1.511718750000000000e+00,-3.336252117909276581e-03
1.523437500000000000e+00,-3.333546125699286648e-03
1.535156250000000000e+00,-3.521968796048085409e-03
1.546875000000000000e+00,-3.697146573520976916e-03
1.558593750000000000e+00,-3.614410185467137934e-03
1.570312500000000000e+00,-3.327733587387534699e-03
1.582031250000000000e+00,-3.020864123851372141e-03
1.593750000000000000e+00,-3.043011464571048711e-03
1.605468750000000000e+00,-3.428507656020007757e-03
1.617187500000000000e+00,-3.345474651313057497e-03
1.628906250000000000e+00,-3.349831016039103802e-03
1.640625000000000000e+00,-3.390529891975572162e-03
1.652343750000000000e+00,-3.332400847942904813e-03
1.664062500000000000e+00,-3.338890402934455073e-03
1.675781250000000000e+00,-3.188477560882530849e-03
1.687500000000000000e+00,-3.129874231220661478e-03
1.699218750000000000e+00,-3.346522564638415229e-03
1.710937500000000000e+00,-3.487285752652699404e-03
1.722656250000000000e+00,-3.324585751657007596e-03
1.734375000000000000e+00,-3.325500560043388298e-03
1.746093750000000000e+00,-3.240337140983095242e-03
1.757812500000000000e+00,-3.051297739431522212e-03
1.769531250000000000e+00,-2.748873891336232455e-03
1.781250000000000000e+00,-3.021107261259533411e-03
1.792968750000000000e+00,-3.309644061463061244e-03
1.804687500000000000e+00,-3.392861157435478770e-03
1.816406250000000000e+00,-3.703156049537624419e-03
1.828125000000000000e+00,-3.606755361636310424e-03
1.839843750000000000e+00,-3.293675619767437272e-03
1.851562500000000000e+00,-3.299321904815058840e-03
1.863281250000000000e+00,-2.973492329094679781e-03
1.875000000000000000e+00,-3.044877121935971390e-03
1.886718750000000000e+00,-3.075199968435332176e-03
1.898437500000000000e+00,-3.065011972249007729e-03
1.910156250000000000e+00,-3.024248445558614957e-03
1.921875000000000000e+00,-2.953787539310258597e-03
1.933593750000000000e+00,-2.854296327507007281e-03
1.945312500000000000e+00,-2.736595824446908399e-03
1.957031250000000000e+00,-2.646511289064676538e-03
1.968750000000000000e+00,-2.744583141806806407e-03
1.980468750000000000e+00,-2.836133569642982320e-03
1.992187500000000000e+00,-2.921477064360105801e-03
2.003906250000000000e+00,-3.005409750926032412e-03
2.015625000000000000e+00,-3.080235260291983024e-03
2.027343750000000000e+00,-3.155782473538521534e-03
2.039062500000000000e+00,-3.220479624604340087e-03
2.050781250000000000e+00,-3.292789820854695373e-03
2.062500000000000000e+00,-3.360237176507688533e-03
2.074218750000000000e+00,-3.432108156505127988e-03
2.085937500000000000e+00,-3.493960400316719825e-03
2.097656250000000000e+00,-3.560397068252972152e-03
2.109375000000000000e+00,-3.617764165583271362e-03
2.121093750000000000e+00,-3.680566193335242479e-03
2.132812500000000000e+00,-3.734456780933504642e-03
2.144531250000000000e+00,-3.792706471943326722e-03
2.156250000000000000e+00,-3.841318886694066511e-03
2.167968750000000000e+00,-3.893542286241008163e-03
2.179687500000000000e+00,-3.935284702892655369e-03
2.191406250000000000e+00,-3.980706281957761480e-03
2.203125000000000000e+00,-4.017662897131610289e-03
2.214843750000000000e+00,-4.059139699556885313e-03
2.226562500000000000e+00,-4.091607745988673321e-03
2.238281250000000000e+00,-4.128606209099858031e-03
2.250000000000000000e+00,-4.157913724717945438e-03
2.261718750000000000e+00,-4.192951552204048429e-03
2.273437500000000000e+00,-4.221404493423506696e-03
2.285156250000000000e+00,-4.255986583127302318e-03
2.296875000000000000e+00,-4.283186645698127369e-03
2.308593750000000000e+00,-4.314174115361805659e-03
2.320312500000000000e+00,-4.336742256312957171e-03
2.332031250000000000e+00,-4.363757963509362799e-03
2.343750000000000000e+00,-4.384258214250421476e-03
2.355468750000000000e+00,-4.410746549823874908e-03
2.367187500000000000e+00,-4.430387311084733534e-03
2.378906250000000000e+00,-4.454243776518563951e-03
2.390625000000000000e+00,-4.470568686963540157e-03
2.402343750000000000e+00,-4.490956742001534809e-03
2.414062500000000000e+00,-4.504064754132716675e-03
2.425781250000000000e+00,-4.521555034806052156e-03
2.437500000000000000e+00,-4.532900390832293042e-03
2.449218750000000000e+00,-4.549353802922846170e-03
2.460937500000000000e+00,-4.559532279367204538e-03
2.472656250000000000e+00,-4.574825080579064500e-03
2.484375000000000000e+00,-4.584311169220548800e-03
2.496093750000000000e+00,-4.597745750595157513e-03
2.507812500000000000e+00,-4.604157811314167972e-03
2.519531250000000000e+00,-4.614638116029460245e-03
2.531250000000000000e+00,-4.619112472755701644e-03
2.542968750000000000e+00,-4.627435562179944145e-03
2.554687500000000000e+00,-4.627226114252647182e-03
2.566406250000000000e+00,-4.628507919780538646e-03
2.578125000000000000e+00,-4.622287922049984205e-03
2.589843750000000000e+00,-4.618957650496992133e-03
2.601562500000000000e+00,-4.608329295021479019e-03
2.613281250000000000e+00,-4.601409526680791742e-03
2.625000000000000000e+00,-4.590604484618920379e-03
2.636718750000000000e+00,-4.586401242502398737e-03
2.648437500000000000e+00,-4.578000868327104268e-03
2.660156250000000000e+00,-4.573748084297473392e-03
2.671875000000000000e+00,-4.561682264367596454e-03
2.683593750000000000e+00,-4.549190428552269891e-03
2.695312500000000000e+00,-4.525874931647379945e-03
2.707031250000000000e+00,-4.501542937511921263e-03
2.718750000000000000e+00,-4.469397066017987037e-03
2.730468750000000000e+00,-4.440751069373842334e-03
2.742187500000000000e+00,-4.407818594518356399e-03
2.753906250000000000e+00,-4.380214940198795884e-03
2.765625000000000000e+00,-4.348116637800959576e-03
2.777343750000000000e+00,-4.320017700794147320e-03
2.789062500000000000e+00,-4.287750397013991889e-03
2.800781250000000000e+00,-4.260162324716150299e-03
2.812500000000000000e+00,-4.228712601870110964e-03
2.824218750000000000e+00,-4.203171373984590162e-03
2.835937500000000000e+00,-4.176275497566240072e-03
2.847656250000000000e+00,-4.157267431969879218e-03
2.859375000000000000e+00,-4.135453984981982134e-03
2.871093750000000000e+00,-4.116351507730535431e-03
2.882812500000000000e+00,-4.091220700959643207e-03
2.894531250000000000e+00,-4.069823384296200955e-03
2.906250000000000000e+00,-4.044799215164048868e-03
2.917968750000000000e+00,-4.023407079636504534e-03
2.929687500000000000e+00,-3.996343791704062842e-03
2.941406250000000000e+00,-3.972903213280064467e-03
2.953125000000000000e+00,-3.946593437068225338e-03
2.964843750000000000e+00,-3.926186513320562184e-03
2.976562500000000000e+00,-3.903797591037433488e-03
2.988281250000000000e+00,-3.888022957700495389e-03
3.000000000000000000e+00,-3.872201025934179312e-03
3.011718750000000000e+00,-3.863365523019145036e-03
3.023437500000000000e+00,-3.852008719274564903e-03
3.035156250000000000e+00,-3.845441544891429510e-03
3.046875000000000000e+00,-3.835688405858139489e-03
3.058593750000000000e+00,-3.828242081444399765e-03
3.070312500000000000e+00,-3.813646547573981780e-03
3.082031250000000000e+00,-3.799060095165725497e-03
3.093750000000000000e+00,-3.777089532217137949e-03
3.105468750000000000e+00,-3.754869233091001884e-03
3.117187500000000000e+00,-3.726595136835137052e-03
3.128906250000000000e+00,-3.701790971218790662e-03
3.140625000000000000e+00,-3.672997329378627131e-03
3.152343750000000000e+00,-3.646252450601573849e-03
3.164062500000000000e+00,-3.613547700658526363e-03
3.175781250000000000e+00,-3.581709345397512435e-03
3.187500000000000000e+00,-3.543814072305917062e-03
3.199218750000000000e+00,-3.508865934029950940e-03
3.210937500000000000e+00,-3.472252005645955382e-03
3.222656250000000000e+00,-3.441553769428565106e-03
3.234375000000000000e+00,-3.408990085479397195e-03
3.246093750000000000e+00,-3.379222116981577071e-03
3.257812500000000000e+00,-3.343459171360107108e-03
3.269531250000000000e+00,-3.308754371431051836e-03
3.281250000000000000e+00,-3.270299002290211806e-03
3.292968750000000000e+00,-3.235630041625801086e-03
3.304687500000000000e+00,-3.195814567360252042e-03
3.316406250000000000e+00,-3.155761532121075050e-03
3.328125000000000000e+00,-3.110294472499979240e-03
3.339843750000000000e+00,-3.068618130111823179e-03
3.351562500000000000e+00,-3.026440728565813615e-03
3.363281250000000000e+00,-2.991288070908078821e-03
3.375000000000000000e+00,-2.957032225216138337e-03
3.386718750000000000e+00,-2.928896959737931332e-03
3.398437500000000000e+00,-2.898117165861021499e-03
3.410156250000000000e+00,-2.870070893769933237e-03
3.421875000000000000e+00,-2.839202452298619436e-03
3.433593750000000000e+00,-2.812889523087497203e-03
3.445312500000000000e+00,-2.786365607963306283e-03
3.457031250000000000e+00,-2.765976643738074850e-03
3.468750000000000000e+00,-2.743712346828814513e-03
3.480468750000000000e+00,-2.723346947884060058e-03
3.492187500000000000e+00,-2.697938529725626196e-03
3.503906250000000000e+00,-2.673879945444955497e-03
3.515625000000000000e+00,-2.645143128358746782e-03
3.527343750000000000e+00,-2.617093952327028458e-03
3.539062500000000000e+00,-2.584619776291163969e-03
3.550781250000000000e+00,-2.556362220430617727e-03
3.562500000000000000e+00,-2.528707946897429653e-03
3.574218750000000000e+00,-2.507858176614580995e-03
3.585937500000000000e+00,-2.486788537461852126e-03
3.597656250000000000e+00,-2.469343370091035654e-03
3.609375000000000000e+00,-2.448433217156710875e-03
3.621093750000000000e+00,-2.428315342435610584e-03
3.632812500000000000e+00,-2.402515105559121372e-03
3.644531250000000000e+00,-2.377084745848769692e-03
3.656250000000000000e+00,-2.348032567472355461e-03
3.667968750000000000e+00,-2.322205656599584094e-03
3.679687500000000000e+00,-2.294297666014683771e-03
3.691406250000000000e+00,-2.269848932817212454e-03
3.703125000000000000e+00,-2.245035663993297237e-03
3.714843750000000000e+00,-2.225917548229127026e-03
3.726562500000000000e+00,-2.205242137000323899e-03
3.738281250000000000e+00,-2.186338102698046591e-03
3.750000000000000000e+00,-2.162907425332917695e-03
3.761718750000000000e+00,-2.139259838075920853e-03
3.773437500000000000e+00,-2.110433149107627387e-03
3.785156250000000000e+00,-2.083011507464804617e-03
3.796875000000000000e+00,-2.053833627429388093e-03
3.808593750000000000e+00,-2.029554577217301987e-03
3.820312500000000000e+00,-2.004013349392666076e-03
3.832031250000000000e+00,-1.979374768968147728e-03
3.843750000000000000e+00,-1.948933513380530060e-03
3.855468750000000000e+00,-1.917649635652477055e-03
3.867187500000000000e+00,-1.882025415705979900e-03
3.878906250000000000e+00,-1.848818545284169933e-03
3.890625000000000000e+00,-1.813698275845589082e-03
3.902343750000000000e+00,-1.780639700131905452e-03
3.914062500000000000e+00,-1.744737368178608805e-03
3.925781250000000000e+00,-1.711998832591835051e-03
3.937500000000000000e+00,-1.678292448916596236e-03
3.949218750000000000e+00,-1.648146325563468401e-03
3.960937500000000000e+00,-1.616926260420338806e-03
3.972656250000000000e+00,-1.589208999304391563e-03
3.984375000000000000e+00,-1.560440971126480841e-03
3.996093750000000000e+00,-1.534942578082320154e-03
4.007812500000000000e+00,-1.508362364575955000e-03
4.019531250000000000e+00,-1.485495725433705599e-03
4.031250000000000000e+00,-1.461029157776394137e-03
4.042968750000000000e+00,-1.438284129635965551e-03
4.054687500000000000e+00,-1.412584295419127460e-03
4.066406250000000000e+00,-1.388823460107912241e-03
4.078125000000000000e+00,-1.363496280751020371e-03
4.089843750000000000e+00,-1.341428718018917955e-03
4.101562500000000000e+00,-1.317903520954660096e-03
4.113281250000000000e+00,-1.295148903426909109e-03
4.125000000000000000e+00,-1.267596997505947374e-03
4.136718750000000000e+00,-1.240619179174092110e-03
4.148437500000000000e+00,-1.212275383998640248e-03
4.160156250000000000e+00,-1.186733094122316640e-03
4.171875000000000000e+00,-1.158053414647789011e-03
4.183593750000000000e+00,-1.129928595071525354e-03
4.195312500000000000e+00,-1.100111749326137351e-03
4.207031250000000000e+00,-1.074062139756511896e-03
4.218750000000000000e+00,-1.048455420394506753e-03
4.230468750000000000e+00,-1.026969671458877404e-03
4.242187500000000000e+00,-1.004612268546314306e-03
4.253906250000000000e+00,-9.840405687574715031e-04
4.265625000000000000e+00,-9.610668450518862179e-04
4.277343750000000000e+00,-9.383489134774761513e-04
4.289062500000000000e+00,-9.109603644867464954e-04
4.300781250000000000e+00,-8.828305673861710622e-04
4.312500000000000000e+00,-8.518183715972945562e-04
4.324218750000000000e+00,-8.229827886523490357e-04
4.335937500000000000e+00,-7.935526219527861422e-04
4.347656250000000000e+00,-7.679233067491458321e-04
4.359375000000000000e+00,-7.426950230196975068e-04
4.371093750000000000e+00,-7.195346707475154448e-04
4.382812500000000000e+00,-6.938214555954491268e-04
4.394531250000000000e+00,-6.688559943118448743e-04
4.406250000000000000e+00,-6.411074820887417832e-04
4.417968750000000000e+00,-6.138271213518789069e-04
4.429687500000000000e+00,-5.836252750993218457e-04
4.441406250000000000e+00,-5.547303677978209771e-04
4.453125000000000000e+00,-5.255564424144705581e-04
4.464843750000000000e+00,-5.005151669212342010e-04
4.476562500000000000e+00,-4.766967584249016889e-04
4.488281250000000000e+00,-4.560831604026831915e-04
4.500000000000000000e+00,-4.351466311743092943e-04
4.511718750000000000e+00,-4.172003387976972030e-04
4.523437500000000000e+00,-3.980105995543780609e-04
4.535156250000000000e+00,-3.787584872098654775e-04
4.546875000000000000e+00,-3.559399750607702387e-04
4.558593750000000000e+00,-3.323783980895724638e-04
4.570312500000000000e+00,-3.048516193083565225e-04
4.582031250000000000e+00,-2.767255231315402203e-04
4.593750000000000000e+00,-2.468778751029071321e-04
4.605468750000000000e+00,-2.206143283659307722e-04
4.617187500000000000e+00,-1.969124016597769864e-04
4.628906250000000000e+00,-1.776183368220074249e-04
4.640625000000000000e+00,-1.577623379880660676e-04
4.652343750000000000e+00,-1.387843134170344906e-04
4.664062500000000000e+00,-1.184794559591550235e-04
4.675781250000000000e+00,-9.963113842141867746e-05
4.687500000000000000e+00,-7.912677483249817183e-05
4.699218750000000000e+00,-5.807414651707389118e-05
4.710937500000000000e+00,-3.288893414620478069e-05
4.722656250000000000e+00,-6.875526302163556534e-06
4.734375000000000000e+00,2.040522478915939543e-05
4.746093750000000000e+00,4.584244965039005481e-05
4.757812500000000000e+00,7.155677724978219917e-05
4.769531250000000000e+00,9.537919223096039372e-05
4.781250000000000000e+00,1.194179123615716803e-04
4.792968750000000000e+00,1.412180983182980581e-04
4.804687500000000000e+00,1.629808190168619952e-04
4.816406250000000000e+00,1.836165556918312528e-04
4.828125000000000000e+00,2.066720334422323302e-04
4.839843750000000000e+00,2.311584321664844545e-04
4.851562500000000000e+00,2.589623411509561226e-04
4.863281250000000000e+00,2.865672572286240847e-04
4.875000000000000000e+00,3.135946564617121310e-04
4.886718750000000000e+00,3.368728222870943684e-04
4.898437500000000000e+00,3.586896627586805991e-04
4.910156250000000000e+00,3.783999123191692329e-04
4.921875000000000000e+00,3.980506034200127405e-04
4.933593750000000000e+00,4.162541735045493401e-04
4.945312500000000000e+00,4.352828834390482047e-04
4.957031250000000000e+00,4.535463606637117162e-04
4.968750000000000000e+00,4.725563795045688363e-04
4.980468750000000000e+00,4.907670129082813493e-04
4.992187500000000000e+00,5.091744725901162791e-04
5.003906250000000000e+00,5.261817741164932609e-04
5.015625000000000000e+00,5.436482265953789450e-04
5.027343750000000000e+00,5.611216281632449817e-04
5.039062500000000000e+00,5.801191757585867550e-04
5.050781250000000000e+00,5.986138047608256969e-04
5.062500000000000000e+00,6.169344617558093422e-04
5.074218750000000000e+00,6.331261740688005207e-04
5.085937500000000000e+00,6.483272351705709254e-04
5.097656250000000000e+00,6.620434668574956593e-04
5.109375000000000000e+00,6.758321912671464522e-04
5.121093750000000000e+00,6.889265912800713156e-04
5.132812500000000000e+00,7.031313955258186544e-04
5.144531250000000000e+00,7.193290352539164281e-04
5.156250000000000000e+00,7.385779603834818604e-04
5.167968750000000000e+00,7.580805791309137495e-04
5.179687500000000000e+00,7.772973931016834018e-04
5.191406250000000000e+00,7.953161515448381068e-04
5.203125000000000000e+00,8.122443570506655613e-04
5.214843750000000000e+00,8.268956900091917282e-04
5.226562500000000000e+00,8.406008508362450412e-04
5.238281250000000000e+00,8.535437153189310514e-04
5.250000000000000000e+00,8.663960981453739524e-04
5.261718750000000000e+00,8.785785754205212121e-04
5.273437500000000000e+00,8.902501820281351688e-04
5.285156250000000000e+00,9.011214987134191475e-04
5.296875000000000000e+00,9.117328598848876368e-04
5.308593750000000000e+00,9.224810326630011621e-04
5.320312500000000000e+00,9.350332597599453691e-04
5.332031250000000000e+00,9.503036913058869909e-04
5.343750000000000000e+00,9.681666488001659495e-04
5.355468750000000000e+00,9.870860868316454727e-04
5.367187500000000000e+00,1.004965487017867682e-03
5.378906250000000000e+00,1.020943801042051985e-03
5.390625000000000000e+00,1.034767808203499806e-03
5.402343750000000000e+00,1.045939062723466465e-03
5.414062500000000000e+00,1.054272921165226758e-03
5.425781250000000000e+00,1.061071072674885877e-03
5.437500000000000000e+00,1.067305550373431671e-03
5.449218750000000000e+00,1.073836929877948401e-03
5.460937500000000000e+00,1.080209847267476174e-03
5.472656250000000000e+00,1.086767944926717803e-03
5.484375000000000000e+00,1.093358432934749252e-03
5.496093750000000000e+00,1.101545209212338857e-03
5.507812500000000000e+00,1.111375994155900130e-03
5.519531250000000000e+00,1.123180031613596605e-03
5.531250000000000000e+00,1.135261714960780722e-03
5.542968750000000000e+00,1.147574567822638681e-03
5.554687500000000000e+00,1.158512056207444728e-03
5.566406250000000000e+00,1.168594489379085879e-03
5.578125000000000000e+00,1.177747921276583922e-03
5.589843750000000000e+00,1.187843192543935281e-03
5.601562500000000000e+00,1.197535294263341781e-03
5.613281250000000000e+00,1.207019347472225185e-03
5.625000000000000000e+00,1.214771009097153059e-03
5.636718750000000000e+00,1.222346560067571553e-03
5.648437500000000000e+00,1.228804269188171110e-03
5.660156250000000000e+00,1.236266092224519225e-03
5.671875000000000000e+00,1.243961162009626226e-03
5.683593750000000000e+00,1.252999573587285391e-03
5.695312500000000000e+00,1.261349514050315920e-03
5.707031250000000000e+00,1.270478865037597558e-03
5.718750000000000000e+00,1.278680564001198313e-03
5.730468750000000000e+00,1.287401897666705375e-03
5.742187500000000000e+00,1.294681891311487507e-03
5.753906250000000000e+00,1.301993226362335981e-03
5.765625000000000000e+00,1.306498686874075967e-03
5.777343750000000000e+00,1.309859263012844817e-03
5.789062500000000000e+00,1.311099913385645795e-03
5.800781250000000000e+00,1.313481495120009902e-03
5.812500000000000000e+00,1.315271081525094419e-03
5.824218750000000000e+00,1.318747280504599471e-03
5.835937500000000000e+00,1.321868181330491552e-03
5.847656250000000000e+00,1.327298607709773105e-03
5.859375000000000000e+00,1.332709713855071689e-03
5.871093750000000000e+00,1.340556363401046143e-03
5.882812500000000000e+00,1.347541406479345035e-03
5.894531250000000000e+00,1.355018352796031255e-03
5.906250000000000000e+00,1.359929575807901315e-03
5.917968750000000000e+00,1.365423170859221243e-03
5.929687500000000000e+00,1.368810225323304538e-03
5.941406250000000000e+00,1.373094391881416691e-03
5.953125000000000000e+00,1.375550130041312911e-03
5.964843750000000000e+00,1.379061803151355970e-03
5.976562500000000000e+00,1.379821697696356460e-03
5.988281250000000000e+00,1.380940963148075389e-03
6.000000000000000000e+00,1.379751205778747799e-03
6.011718750000000000e+00,1.379982255761013363e-03
6.023437500000000000e+00,1.378303254562970740e-03
6.035156250000000000e+00,1.378300396562770090e-03
6.046875000000000000e+00,1.376591905925696798e-03
6.058593750000000000e+00,1.376730846173821170e-03
6.070312500000000000e+00,1.374513607083771008e-03
6.082031250000000000e+00,1.373428077325055969e-03
6.093750000000000000e+00,1.369879968962126092e-03
6.105468750000000000e+00,1.368199421663562638e-03
6.117187500000000000e+00,1.364178200260816138e-03
6.128906250000000000e+00,1.361512060822392097e-03
6.140625000000000000e+00,1.356185723467438070e-03
6.152343750000000000e+00,1.352939064945239342e-03
6.164062500000000000e+00,1.347667464458467872e-03
6.175781250000000000e+00,1.344844931208293839e-03
6.187500000000000000e+00,1.339978894127438888e-03
6.199218750000000000e+00,1.337639553676284567e-03
6.210937500000000000e+00,1.333052674804670844e-03
6.222656250000000000e+00,1.330769158494802011e-03
6.234375000000000000e+00,1.325667513259228729e-03
6.246093750000000000e+00,1.322457001837893309e-03
6.257812500000000000e+00,1.315750726000387708e-03
6.269531250000000000e+00,1.310504334074070370e-03
6.281250000000000000e+00,1.302083639033568135e-03
6.292968750000000000e+00,1.296814407469278670e-03
6.304687500000000000e+00,1.289665588480021826e-03
6.316406250000000000e+00,1.285522291590404046e-03
6.328125000000000000e+00,1.278415194253424087e-03
6.339843750000000000e+00,1.274074437441268578e-03
6.351562500000000000e+00,1.266441080774679791e-03
6.363281250000000000e+00,1.261074254694365473e-03
6.375000000000000000e+00,1.252463221115956375e-03
6.386718750000000000e+00,1.246942102442791895e-03
6.398437500000000000e+00,1.238214157026039375e-03
6.410156250000000000e+00,1.232242005675581679e-03
6.421875000000000000e+00,1.222634089223987360e-03
6.433593750000000000e+00,1.216193431023543641e-03
6.445312500000000000e+00,1.206846948791548500e-03
6.457031250000000000e+00,1.201336126073969087e-03
6.468750000000000000e+00,1.192997636287342371e-03
6.480468750000000000e+00,1.188420741377162713e-03
6.492187500000000000e+00,1.179818249357646740e-03
6.503906250000000000e+00,1.173377758515804607e-03
6.515625000000000000e+00,1.161835433280519053e-03
6.527343750000000000e+00,1.152626383219824274e-03
6.539062500000000000e+00,1.138395664207681205e-03
6.550781250000000000e+00,1.126629231688832484e-03
6.562500000000000000e+00,1.109912911273379247e-03
6.574218750000000000e+00,1.096208593313357420e-03
6.585937500000000000e+00,1.077851551164095379e-03
6.597656250000000000e+00,1.062719113841082991e-03
6.609375000000000000e+00,1.042951769375918304e-03
6.621093750000000000e+00,1.026843022914989724e-03
6.632812500000000000e+00,1.005791943662422746e-03
6.644531250000000000e+00,9.880253882294538076e-04
6.656250000000000000e+00,9.654072095258822619e-04
6.667968750000000000e+00,9.470216653925259478e-04
6.679687500000000000e+00,9.243185303818239997e-04
6.691406250000000000e+00,9.061810578431555479e-04
6.703125000000000000e+00,8.834007224727464559e-04
6.714843750000000000e+00,8.647426118296960059e-04
6.726562500000000000e+00,8.407227156434600923e-04
6.738281250000000000e+00,8.209031561505678422e-04
6.750000000000000000e+00,7.960760997091364003e-04
6.761718750000000000e+00,7.764075191780656733e-04
6.773437500000000000e+00,7.520946113787820454e-04
6.785156250000000000e+00,7.329145793836848921e-04
6.796875000000000000e+00,7.082620755620385898e-04
6.808593750000000000e+00,6.876352907568563343e-04
6.820312500000000000e+00,6.603711486255691918e-04
6.832031250000000000e+00,6.370755890682396842e-04
6.843750000000000000e+00,6.066710003612157563e-04
6.855468750000000000e+00,5.802074886329344717e-04
6.867187500000000000e+00,5.464857183674455901e-04
6.878906250000000000e+00,5.163472273435720360e-04
6.890625000000000000e+00,4.784491352409666861e-04
6.902343750000000000e+00,4.451391653797812618e-04
6.914062500000000000e+00,4.049530462810399783e-04
6.925781250000000000e+00,3.702728496666726266e-04
6.937500000000000000e+00,3.294704827543411697e-04
6.949218750000000000e+00,2.948904960161376860e-04
6.960937500000000000e+00,2.573127518881254835e-04
6.972656250000000000e+00,2.278810142008707402e-04
6.984375000000000000e+00,1.893662059802458020e-04
6.996093750000000000e+00,1.545769228857710241e-04
7.007812500000000000e+00,1.098171764435884411e-04
7.019531250000000000e+00,6.854024352726542863e-05
7.031250000000000000e+00,1.510911061185619568e-05
7.042968750000000000e+00,-3.434651065757223740e-05
7.054687500000000000e+00,-4.646576543272994489e-05
7.066406250000000000e+00,-5.058861613324349614e-05
7.078125000000000000e+00,-7.801005507568901150e-05
7.089843750000000000e+00,-1.176266026821881064e-04
7.101562500000000000e+00,-1.752464927596598943e-04
7.113281250000000000e+00,-2.471378492894118844e-04
7.125000000000000000e+00,-3.128087839494404971e-04
7.136718750000000000e+00,-3.521264178816291171e-04
7.148437500000000000e+00,-3.018804263166317663e-04
7.160156250000000000e+00,-1.630670267018556271e-04
7.171875000000000000e+00,-1.048173659528784025e-04
7.183593750000000000e+00,-5.256210978224694862e-05
7.195312500000000000e+00,-1.590185603287840103e-05
7.207031250000000000e+00,-1.548733785502787207e-07
7.218750000000000000e+00,1.073183362919797046e-05
7.230468750000000000e+00,3.197503494878822577e-05
7.242187500000000000e+00,9.278454971993660200e-05
7.253906250000000000e+00,1.648244984490175136e-04
7.265625000000000000e+00,2.653342294318864576e-04
7.277343750000000000e+00,3.895893094271555288e-04
7.289062500000000000e+00,4.421394916209342592e-04
7.300781250000000000e+00,4.851888622676060075e-04
7.312500000000000000e+00,5.498517281266722010e-04
7.324218750000000000e+00,6.750760286257352855e-04
7.335937500000000000e+00,7.177038315183275913e-04
7.347656250000000000e+00,7.603339926024444383e-04
7.359375000000000000e+00,8.626455729390210877e-04
7.371093750000000000e+00,9.778801617035413809e-04
7.382812500000000000e+00,1.158751923874438722e-03
7.394531250000000000e+00,1.189543121133954367e-03
7.406250000000000000e+00,9.730293869103295509e-04
7.417968750000000000e+00,1.142752224542733499e-03
7.429687500000000000e+00,1.473897275245734245e-03
7.441406250000000000e+00,1.718177298024979030e-03
7.453125000000000000e+00,1.782018904913617143e-03
7.464843750000000000e+00,1.699833989213540711e-03
7.476562500000000000e+00,1.792432068308777307e-03
7.488281250000000000e+00,1.960829902047708968e-03
7.500000000000000000e+00,2.100112080964686243e-03
7.511718750000000000e+00,2.464520866362474808e-03
7.523437500000000000e+00,2.762938841441931696e-03
7.535156250000000000e+00,3.003786513028105284e-03
7.546875000000000000e+00,3.194126434997653606e-03
7.558593750000000000e+00,3.334246008986505461e-03
7.570312500000000000e+00,3.377260362109430966e-03
7.582031250000000000e+00,2.970808917383441043e-03
7.593750000000000000e+00,2.519140462378425920e-03
7.605468750000000000e+00,2.806211331999276457e-03
7.617187500000000000e+00,3.179335227085349370e-03
7.628906250000000000e+00,3.558658252437516337e-03
7.640625000000000000e+00,3.848048633574934884e-03
7.652343750000000000e+00,3.671941697877697652e-03
7.664062500000000000e+00,3.324554591846210026e-03
7.675781250000000000e+00,3.450374534310747532e-03
7.687500000000000000e+00,3.886607279285930576e-03
7.699218750000000000e+00,4.459896718579303351e-03
7.710937500000000000e+00,4.478514456022447514e-03
7.722656250000000000e+00,4.491899383361658109e-03
7.734375000000000000e+00,4.822776206270463356e-03
7.746093750000000000e+00,4.694539703510821824e-03
7.757812500000000000e+00,4.326730697425996280e-03
7.769531250000000000e+00,4.532276720258259298e-03
7.781250000000000000e+00,4.627028334584563224e-03
7.792968750000000000e+00,4.393887264897685350e-03
7.804687500000000000e+00,4.878589969848078599e-03
7.816406250000000000e+00,5.027329628434172408e-03
7.828125000000000000e+00,4.712344304976224217e-03
7.839843750000000000e+00,5.123279196876978810e-03
7.851562500000000000e+00,5.230654832699868639e-03
7.863281250000000000e+00,4.793190779912200050e-03
7.875000000000000000e+00,5.341348230139708608e-03
7.886718750000000000e+00,5.592707351363461477e-03
7.898437500000000000e+00,5.264154153342885320e-03
7.910156250000000000e+00,5.788368503186114636e-03
7.921875000000000000e+00,6.010991597949941548e-03
7.933593750000000000e+00,5.652034339795900843e-03
7.945312500000000000e+00,6.379413788412995924e-03
7.957031250000000000e+00,7.209793864110289330e-03
7.968750000000000000e+00,7.519304570364149232e-03
7.980468750000000000e+00,7.339702381743886533e-03
7.992187500000000000e+00,7.879820398960018721e-03
8.003906250000000000e+00,7.956635702531498350e-03
8.015625000000000000e+00,7.451979691465785739e-03
8.027343750000000000e+00,7.847953942346962142e-03
8.039062500000000000e+00,7.883181999168504400e-03
8.050781250000000000e+00,7.346956835010292654e-03
8.062500000000000000e+00,8.206232708029994813e-03
8.074218750000000000e+00,9.096029138023650068e-03
8.085937500000000000e+00,9.342054709680133046e-03
8.097656250000000000e+00,8.865994869749913021e-03
8.109375000000000000e+00,9.278874962032258866e-03
8.121093750000000000e+00,9.256414465852067994e-03
8.132812500000000000e+00,8.438808837170096167e-03
8.144531250000000000e+00,9.411547543030758523e-03
8.156250000000000000e+00,1.046487054305853155e-02
8.167968750000000000e+00,1.092931756025676895e-02
8.179687500000000000e+00,1.056555580770946433e-02
8.191406250000000000e+00,1.146752579997831721e-02
8.203125000000000000e+00,1.238373849810273791e-02
8.214843750000000000e+00,1.257811265191259402e-02
8.226562500000000000e+00,1.181625049497887076e-02
8.238281250000000000e+00,1.247110957586088607e-02
8.250000000000000000e+00,1.260761950966677626e-02
8.261718750000000000e+00,1.180514616012907393e-02
8.273437500000000000e+00,1.302068963834003383e-02
8.285156250000000000e+00,1.415467812597354103e-02
8.296875000000000000e+00,1.456040806751255842e-02
8.308593750000000000e+00,1.378911720840118177e-02
8.320312500000000000e+00,1.497363550266545690e-02
8.332031250000000000e+00,1.595340398538711707e-02
8.343750000000000000e+00,1.600185058051798587e-02
8.355468750000000000e+00,1.453351044385543279e-02
8.367187500000000000e+00,1.579370153553029399e-02
8.378906250000000000e+00,1.684975725941679006e-02
8.390625000000000000e+00,1.690987283876727726e-02
8.402343750000000000e+00,1.508486112224699353e-02
8.414062500000000000e+00,1.737318268273955676e-02
8.425781250000000000e+00,1.941583199222937997e-02
8.437500000000000000e+00,2.192867855838866523e-02
8.449218750000000000e+00,2.460921859324589206e-02
8.460937500000000000e+00,2.707137769867482002e-02
8.472656250000000000e+00,2.966537295002572711e-02
8.484375000000000000e+00,3.237736386659640503e-02
8.496093750000000000e+00,3.521114009988202814e-02
8.507812500000000000e+00,3.571566812224276355e-02
8.519531250000000000e+00,3.503895154070135742e-02
8.531250000000000000e+00,3.440506906850484409e-02
8.542968750000000000e+00,3.383614089401421055e-02
8.554687500000000000e+00,3.258560653008297364e-02
8.566406250000000000e+00,3.057797642039778926e-02
8.578125000000000000e+00,2.820803623955921852e-02
8.589843750000000000e+00,2.527808575741698552e-02
8.601562500000000000e+00,1.066008756272001506e-02
8.613281250000000000e+00,9.657866282840885455e-03
8.625000000000000000e+00,1.074342778682698014e-02
8.636718750000000000e+00,1.172446283715550567e-03
8.648437500000000000e+00,7.312331419960591515e-03
8.660156250000000000e+00,8.299895739433332115e-03
8.671875000000000000e+00,7.998268573057264186e-03
8.683593750000000000e+00,1.548451629739921141e-02
8.695312500000000000e+00,8.163922783075252751e-03
8.707031250000000000e+00,3.209057103157990365e-03
8.718750000000000000e+00,6.871866161937616874e-03
8.730468750000000000e+00,2.323769352503139794e-03
8.742187500000000000e+00,2.354547231490553959e-03
8.753906250000000000e+00,7.178376679909570686e-03
8.765625000000000000e+00,5.790922895231394654e-03
8.777343750000000000e+00,7.328842458975795213e-03
8.789062500000000000e+00,6.939656849255142548e-03
8.800781250000000000e+00,5.005279251830846605e-03
8.812500000000000000e+00,4.596732511273798547e-03
8.824218750000000000e+00,4.085092118258150905e-03
8.835937500000000000e+00,3.223798308829135383e-03
8.847656250000000000e+00,2.678103877487542517e-03
8.859375000000000000e+00,2.592746532054030547e-03
8.871093750000000000e+00,3.024366351671134174e-03
8.882812500000000000e+00,2.732727041523025369e-03
8.894531250000000000e+00,2.579269576682544519e-03
8.906250000000000000e+00,2.446945638443386549e-03
8.917968750000000000e+00,2.377290860175663989e-03
8.929687500000000000e+00,2.332719073983943129e-03
8.941406250000000000e+00,2.316278724908017467e-03
8.953125000000000000e+00,2.326252826833223857e-03
8.964843750000000000e+00,2.184155965431353475e-03
8.976562500000000000e+00,2.060196354258074947e-03
